{"cameraMode":{"drawMode":0,"name":"Shaded","section":"Shading Mode"},"sceneLighting":true,"audioPlay":false,"sceneViewState":{"m_AlwaysRefresh":false,"showFog":true,"showSkybox":true,"showFlares":true,"showImageEffects":true,"showParticleSystems":true,"showVisualEffectGraphs":true,"m_FxEnabled":true},"in2DMode":false,"pivot":{"x":251.34112548828126,"y":67.44872283935547,"z":353.66705322265627},"rotation":{"x":0.10978075861930847,"y":0.042634643614292148,"z":0.004718105308711529,"w":-0.9930467009544373},"size":1.032751441001892,"orthographic":false}