{"cameraMode":{"drawMode":0,"name":"Shaded","section":"Shading Mode"},"sceneLighting":true,"audioPlay":false,"sceneViewState":{"m_AlwaysRefresh":false,"showFog":true,"showSkybox":true,"showFlares":true,"showImageEffects":true,"showParticleSystems":true,"showVisualEffectGraphs":true,"m_FxEnabled":true},"in2DMode":false,"pivot":{"x":266.4252014160156,"y":32.15745162963867,"z":251.46490478515626},"rotation":{"x":-0.10118718445301056,"y":0.03416088595986366,"z":-0.0031359726563096048,"w":-0.9944347143173218},"size":124.93937683105469,"orthographic":true}