{"cameraMode":{"drawMode":0,"name":"Shaded","section":"Shading Mode"},"sceneLighting":true,"audioPlay":false,"sceneViewState":{"m_AlwaysRefresh":false,"showFog":true,"showSkybox":true,"showFlares":true,"showImageEffects":true,"showParticleSystems":true,"showVisualEffectGraphs":true,"m_FxEnabled":true},"in2DMode":false,"pivot":{"x":192.75326538085938,"y":60.98194885253906,"z":266.3118591308594},"rotation":{"x":0.004941110964864492,"y":0.993259072303772,"z":-0.046219900250434878,"w":0.10618387907743454},"size":178.8083953857422,"orthographic":false}