{"cameraMode":{"drawMode":0,"name":"Shaded","section":"Shading Mode"},"sceneLighting":true,"audioPlay":false,"sceneViewState":{"m_AlwaysRefresh":false,"showFog":true,"showSkybox":true,"showFlares":true,"showImageEffects":true,"showParticleSystems":true,"showVisualEffectGraphs":true,"m_FxEnabled":true},"in2DMode":false,"pivot":{"x":218.3332977294922,"y":53.28297805786133,"z":446.72979736328127},"rotation":{"x":0.17759422957897187,"y":-0.15751272439956666,"z":0.02882317267358303,"w":0.9710243344306946},"size":6.986966609954834,"orthographic":false}