{"cameraMode":{"drawMode":0,"name":"Shaded","section":"Shading Mode"},"sceneLighting":true,"audioPlay":false,"sceneViewState":{"m_AlwaysRefresh":false,"showFog":true,"showSkybox":true,"showFlares":true,"showImageEffects":true,"showParticleSystems":true,"showVisualEffectGraphs":true,"m_FxEnabled":true},"in2DMode":false,"pivot":{"x":266.4252014160156,"y":32.15745162963867,"z":251.46490478515626},"rotation":{"x":-0.17276473343372346,"y":-0.4963003396987915,"z":0.10185837000608444,"w":-0.8448549509048462},"size":151.95559692382813,"orthographic":true}