{"cameraMode":{"drawMode":0,"name":"Shaded","section":"Shading Mode"},"sceneLighting":true,"audioPlay":false,"sceneViewState":{"m_AlwaysRefresh":false,"showFog":true,"showSkybox":true,"showFlares":true,"showImageEffects":true,"showParticleSystems":true,"showVisualEffectGraphs":true,"m_FxEnabled":true},"in2DMode":false,"pivot":{"x":121.82103729248047,"y":35.707801818847659,"z":165.56741333007813},"rotation":{"x":0.20283274352550507,"y":-0.7228736281394959,"z":0.23794975876808167,"w":0.616193413734436},"size":108.2981185913086,"orthographic":true}