{"cameraMode":{"drawMode":0,"name":"Shaded","section":"Shading Mode"},"sceneLighting":true,"audioPlay":false,"sceneViewState":{"m_AlwaysRefresh":false,"showFog":true,"showSkybox":true,"showFlares":true,"showImageEffects":true,"showParticleSystems":true,"showVisualEffectGraphs":true,"m_FxEnabled":true},"in2DMode":false,"pivot":{"x":279.4417724609375,"y":238.84344482421876,"z":-26.067983627319337},"rotation":{"x":0.3435138165950775,"y":-0.30062806606292727,"z":0.11709777265787125,"w":0.8820088505744934},"size":109.81153869628906,"orthographic":false}