{"cameraMode":{"drawMode":0,"name":"Shaded","section":"Shading Mode"},"sceneLighting":true,"audioPlay":false,"sceneViewState":{"m_AlwaysRefresh":false,"showFog":true,"showSkybox":true,"showFlares":true,"showImageEffects":true,"showParticleSystems":true,"showVisualEffectGraphs":true,"m_FxEnabled":true},"in2DMode":false,"pivot":{"x":218.53121948242188,"y":56.560001373291019,"z":415.24359130859377},"rotation":{"x":-0.1706051528453827,"y":-0.7178412079811096,"z":0.18896198272705079,"w":-0.6481114625930786},"size":2.4408655166625978,"orthographic":false}