{"cameraMode":{"drawMode":0,"name":"Shaded","section":"Shading Mode"},"sceneLighting":true,"audioPlay":false,"sceneViewState":{"m_AlwaysRefresh":false,"showFog":true,"showSkybox":true,"showFlares":true,"showImageEffects":true,"showParticleSystems":true,"showVisualEffectGraphs":true,"m_FxEnabled":true},"in2DMode":false,"pivot":{"x":218.8020782470703,"y":19.83015251159668,"z":184.78189086914063},"rotation":{"x":0.144709512591362,"y":-0.12525558471679688,"z":0.018491949886083604,"w":0.9814141988754273},"size":147.72425842285157,"orthographic":true}