{"cameraMode":{"drawMode":0,"name":"Shaded","section":"Shading Mode"},"sceneLighting":false,"audioPlay":false,"sceneViewState":{"m_AlwaysRefresh":false,"showFog":true,"showSkybox":false,"showFlares":true,"showImageEffects":true,"showParticleSystems":true,"showVisualEffectGraphs":true,"m_FxEnabled":true},"in2DMode":false,"pivot":{"x":-5.960464477539063e-8,"y":0.4118906855583191,"z":-0.012854695320129395},"rotation":{"x":-0.03675242140889168,"y":0.29016178846359255,"z":-0.011092686094343663,"w":-0.9562835693359375},"size":1.0234043598175049,"orthographic":false}